NAICS_10GROUP,popular_minmax,intensity_minmax
Schools,0.5596985807997242,1
Places of worship,0,0.505470446
Recreational cultural facilities,0.5670360297811541,0.31429853698368987
Health services,0.3863740253495073,0.2528010341381565
Services,0.2452317300323794,0.1593130845873543
Parks,0.6201158477575248,0.13372187045588782
Retail services,0.523098762,0.059627104
Restaurants,0.3909958050906846,0.045256096
Food grocery stores,0.4897560461568443,0.005027428
Health and personal care,1,0